﻿[
    {
        "nomeEstado": "São Paulo"
    },
    {
        "nomeEstado": "Rio de Janeiro"
    },
    {
        "nomeEstado": "Minas Gerais"
    },
    {
        "nomeEstado": "Bahia"
    },
    {
        "nomeEstado": "Paraná"
    },
    {
        "nomeEstado": "Santa Catarina"
    },
    {
        "nomeEstado": "Rio Grande do Sul"
    },
    {
        "nomeEstado": "Pernambuco"
    },
    {
        "nomeEstado": "Ceará"
    },
    {
        "nomeEstado": "Pará"
    }
]